userid,mtime,rating_star,comment,tokenized_comment,cleaned_comment
29551226,11/11/2020 12:20,5,Giá rẻ. Mua xịt khử mùi ăn uóng khá ổn,Giá rẻ . Mua xịt khử mùi ăn uóng khá ổn,Giá rẻ . Mua xịt khử mùi ăn uóng khá ổn
91487442,21/11/2020 19:26,5,"thơm lắm mn oi có chai đào là khi xịt hòi là hơi hắt nhưng mà k sao em vẫn rất ưng luôn, lưu hương tầm tiếng mà giao hàng hơi lâu","thơm lắm mn oi có chai đào là khi xịt hòi là hơi hắt nhưng mà k sao em vẫn rất ưng luôn , lưu hương tầm tiếng mà giao hàng hơi lâu","thơm lắm mn oi chai đào xịt hòi hơi hắt k sao em vẫn rất ưng luôn , lưu hương tầm tiếng giao hàng hơi lâu"
139777572,13/11/2020 20:09,5,eidighgghuđhuêd Dbddnd ĐĐ D D c chr ý nghĩa là một loài thực vật có,eidighgghuđhuêd Dbddnd ĐĐ D D c chr ý_nghĩa_là một loài thực_vật có,eidighgghuđhuêd Dbddnd ĐĐ D D c chr ý_nghĩa_là loài thực_vật
4854002,08/12/2020 15:18,5,Thơm nha các bạn nhưng k giữ đc mùi lâu đâu nhé,Thơm nha các bạn nhưng k giữ đc mùi lâu đâu nhé,Thơm nha các k giữ đc mùi lâu đâu nhé
174131100,08/12/2020 01:40,5,Sản phẩm giống hình xài ok,Sản_phẩm giống hình xài ok,Sản_phẩm giống hình xài ok
8120947,21/10/2020 19:19,5,"Đóng gói sản phẩm cực kỳ cẩn thận, hàng ưng mùi thơm lắm, hộp phấn ok nhưng nhũ m thấy chưa đủ xuất sắc nhưng vs giá này thì ok r","Đóng_gói sản_phẩm cực_kỳ cẩn_thận , hàng ưng mùi thơm lắm , hộp phấn ok nhưng nhũ m thấy chưa đủ xuất_sắc nhưng vs giá này thì ok r","Đóng_gói sản_phẩm cực_kỳ cẩn_thận , hàng ưng mùi thơm lắm , hộp phấn ok nhũ m thấy đủ xuất_sắc vs giá thì ok r"
70580967,07/08/2020 13:33,5,"mùi này thơm nhé, xịt ra cổ tay thì khá là nồng nhưng mà như vậy thì sau vẫn còn hương mùi đào ngọt ngào cực, mình để p rùi vẫn thơm mùi đào. thơm lâu hơn nhiều loại Shimang an earthly peach nhé ảnh thứ loại này sau p bay màu hết r, còn mùi man mát","mùi này thơm nhé , xịt ra cổ_tay thì khá là nồng nhưng mà như_vậy thì sau vẫn còn hương mùi đào ngọt_ngào cực , mình để p rùi vẫn thơm mùi đào . thơm lâu hơn nhiều loại Shimang an earthly peach nhé ảnh thứ loại này sau p bay màu hết r , còn mùi man_mát","mùi thơm nhé , xịt ra cổ_tay thì khá nồng như_vậy thì sau vẫn còn hương mùi đào ngọt_ngào cực , để p rùi vẫn thơm mùi đào . thơm lâu hơn loại Shimang an earthly peach nhé ảnh thứ loại sau p bay màu hết r , còn mùi man_mát"
26408040,17/11/2020 12:41,4,Hsbdnckkcciusbenkeldi dkdksiyabsndnnddkdisi ụkdmmdkd,Hsbdnckkcciusbenkeldi dkdksiyabsndnnddkdisi ụkdmmdkd,Hsbdnckkcciusbenkeldi dkdksiyabsndnnddkdisi ụkdmmdkd
3985361,26/09/2020 16:32,5,"Mùi bưởi thấy giống hệt mùi vỏ bưởi, vỏ cam chua mát, hơi ngọt. Trc tìm mua nhiều bodymist mùi đào rồi và mùi này là mùi đào mà mình ưng ý nhất luôn ý. Mùi trà đào ngọt thơm nhẹ, ko bị nồng. Bodymist nếu ở phòng điều hòa, ra mồ hôi thì giữ mùi được h cx do mình xịt lên q.áo khá nhiều","Mùi bưởi thấy giống_hệt mùi vỏ bưởi , vỏ cam chua mát , hơi ngọt . Trc tìm mua nhiều bodymist mùi đào rồi và mùi này là mùi đào mà mình ưng_ý nhất luôn ý . Mùi trà đào ngọt thơm nhẹ , ko bị nồng . Bodymist nếu ở phòng điều hòa , ra mồ_hôi thì giữ mùi được h cx do mình xịt lên q . áo khá nhiều","Mùi bưởi thấy giống_hệt mùi vỏ bưởi , vỏ cam chua mát , hơi ngọt . Trc tìm mua bodymist mùi đào rồi mùi mùi đào ưng_ý nhất luôn ý . Mùi trà đào ngọt thơm nhẹ , ko bị nồng . Bodymist ở phòng điều hòa , ra mồ_hôi thì giữ mùi h cx do xịt lên q . áo khá"
227189868,23/11/2020 10:27,5,Thơm mới đầu xịt hơi nồng về nhau rất nhẹ nhàng mùi không giữ được lâu lắm đóng gói hàng cẩn thận siêu chắc chắn giao cũng nhanh nữa,Thơm mới_đầu xịt hơi nồng về nhau rất nhẹ_nhàng mùi không giữ được lâu lắm đóng_gói hàng cẩn_thận siêu chắc_chắn giao cũng nhanh nữa,Thơm mới_đầu xịt hơi nồng về nhau rất nhẹ_nhàng mùi giữ lâu lắm đóng_gói hàng cẩn_thận siêu chắc_chắn giao nhanh nữa
64795675,24/09/2020 22:56,5,"Giao hàng nhanh đồ rẻ đẹp.Bọc đồ rất kĩ nm có mỗi cái hộp nước hoa sáp bị móp,tróc hết sơn ở các cạnh vs lại do móp nên đóng hộp lại vẫn bị hở sợ một tgian bay hết mùi hic","Giao hàng nhanh đồ rẻ đẹp . Bọc_đồ rất kĩ nm có mỗi cái hộp nước_hoa sáp bị móp , tróc hết sơn ở các cạnh vs lại do móp nên đóng_hộp lại vẫn bị hở sợ một tgian bay hết mùi hic","Giao hàng nhanh đồ rẻ đẹp . Bọc_đồ rất kĩ nm mỗi cái hộp nước_hoa sáp bị móp , tróc hết sơn ở các cạnh vs lại do móp đóng_hộp lại vẫn bị hở sợ tgian bay hết mùi hic"
69616559,26/11/2020 11:41,5,Mùi dream unicoin ngọt lắm. Xịt hoa quả giống mùi ii của viêt nam,Mùi dream unicoin ngọt lắm . Xịt hoa_quả giống mùi ii của viêt nam,Mùi dream unicoin ngọt lắm . Xịt hoa_quả giống mùi ii viêt nam
154117669,10/11/2020 20:51,3,"Giao hàng nhanh, tối qua đặt mà sáng hôm sau đã nhận đc. Mùi đào thơm đấy nhg mà dường như nó ko lưu lại mùi Phải xịt kiểu nhiều nhiều thì nó ms lưu lại ít để ngửi đc, còn nếu ko thì như kiểu cho icy đào vào xịt í","Giao hàng nhanh , tối qua đặt mà sáng hôm sau đã nhận đc . Mùi đào thơm đấy nhg mà dường_như nó ko lưu lại mùi Phải xịt kiểu nhiều nhiều thì nó ms lưu lại ít để ngửi đc , còn nếu ko thì như kiểu cho icy đào vào xịt í","Giao hàng nhanh , tối qua đặt sáng hôm sau nhận đc . Mùi đào thơm đấy nhg dường_như nó ko lưu lại mùi Phải xịt kiểu thì nó ms lưu lại ít để ngửi đc , còn ko thì như kiểu cho icy đào vào xịt í"
279439635,15/12/2020 12:53,5,Sản phẩm tốt,Sản_phẩm tốt,Sản_phẩm tốt
31901157,26/10/2020 21:29,5,"Mùi đào thơm dịu ngọt, mùi hoa hồng và lavender thì hơi nồng, để bay bớt thì cũng đỡ hơn","Mùi đào thơm dịu_ngọt , mùi hoa_hồng và lavender thì hơi nồng , để bay bớt thì cũng đỡ hơn","Mùi đào thơm dịu_ngọt , mùi hoa_hồng lavender thì hơi nồng , để bay bớt thì đỡ hơn"
198729322,08/12/2020 19:14,5,Đc của ló,Đc của ló,Đc ló
161364433,23/11/2020 12:39,5,Ai thích mùi đào ngọt thì cứ mua nha khá ok theo mình thấy chỉ hợp vs xịt phòng thôi con xịt body k hợp lắm,Ai thích mùi đào ngọt thì cứ mua nha khá ok theo mình thấy chỉ hợp vs xịt phòng thôi con xịt body k hợp lắm,Ai thích mùi đào ngọt thì cứ mua nha khá ok thấy chỉ hợp vs xịt phòng thôi con xịt body k hợp lắm
226903384,31/10/2020 18:54,5,hàng okee lắm nha shopp kẻ mắt đẹp lâu trôii,hàng okee lắm nha shopp kẻ mắt đẹp lâu trôii,hàng okee lắm nha shopp kẻ mắt đẹp lâu trôii
34678337,28/10/2020 08:40,5,Sẳn phẩm tốt ngoài mong đợi. Nên mua mua ở shop nhiều lần rồi thật sự rất tốt,Sẳn phẩm tốt ngoài mong_đợi . Nên mua mua ở shop nhiều lần rồi thật_sự rất tốt,Sẳn phẩm tốt ngoài mong_đợi . Nên mua mua ở shop lần rồi thật_sự rất tốt
118054304,25/11/2020 21:27,5,hàng rất ok nha mn.rất đáng tiền,hàng rất ok nha mn . rất đáng tiền,hàng rất ok nha mn . rất đáng tiền
42352576,26/10/2020 12:23,5,"Lười chụp ảnh nên để tạm ảnh này lên xịt thơm mình mua hương lavender nma cá nhân mình thấy giống mùi xmen mặt nạ thì chưa dùng nên chưa biết ntn, giao hàng nhanh","Lười chụp ảnh nên để tạm ảnh này lên xịt thơm mình mua hương lavender nma cá_nhân mình thấy giống mùi xmen mặt_nạ thì chưa dùng nên chưa biết ntn , giao hàng nhanh","Lười chụp ảnh để tạm ảnh lên xịt thơm mua hương lavender nma cá_nhân thấy giống mùi xmen mặt_nạ thì dùng biết ntn , giao hàng nhanh"
194004573,17/10/2020 10:19,5,"Mùi này mình không thóch lắm. Nó cứ sao sao ấy. Cũng không giữ được lâu lắm, có chai xịt kia thì khá thơm","Mùi này mình không thóch lắm . Nó cứ sao sao ấy . Cũng không giữ được lâu lắm , có chai xịt kia thì khá thơm","Mùi thóch lắm . Nó cứ sao sao ấy . Cũng giữ lâu lắm , chai xịt kia thì khá thơm"
296723209,09/11/2020 18:50,5,Đóng gói sản phẩm chắc chắn. Mùi chai xịt body thơm.,Đóng_gói sản_phẩm chắc_chắn . Mùi chai xịt body thơm .,Đóng_gói sản_phẩm chắc_chắn . Mùi chai xịt body thơm .
139979567,07/11/2020 22:04,3,"Mùi hơi bị nồng, cứ thấy kì kì sao ấy, hơi khó chịu","Mùi hơi bị nồng , cứ thấy kì kì sao ấy , hơi khó_chịu","Mùi hơi bị nồng , cứ thấy kì kì sao ấy , hơi khó_chịu"
153463472,26/10/2020 18:26,5,Tiếc là ko có sao chứ chất lượng cực lần trc mua thử chai mà ưng lắm nên lần này mua gần chai luôn. Đáng tiền lắm ý.,Tiếc là ko có sao chứ chất_lượng cực lần trc mua thử chai mà ưng lắm nên lần này mua gần chai luôn . Đáng tiền lắm ý .,Tiếc ko sao chứ chất_lượng cực lần trc mua thử chai ưng lắm lần mua gần chai luôn . Đáng tiền lắm ý .
294997671,14/12/2020 20:44,5,Giao nhầm chai đào thành ver,Giao nhầm chai đào thành ver,Giao nhầm chai đào thành ver
324300523,05/11/2020 19:40,5,"Giao hàng nhanh,đủ hàng, và thơm nữa. Theo mình thì mùi pure milk vs the day e met rất thơm còn hite moon hơi nồng xíu","Giao hàng nhanh , đủ hàng , và thơm nữa . Theo mình thì mùi pure milk vs the day e met rất thơm còn hite moon hơi nồng xíu","Giao hàng nhanh , đủ hàng , thơm nữa . Theo thì mùi pure milk vs the day e met rất thơm còn hite moon hơi nồng xíu"
310808390,07/12/2020 12:20,5,Mình dùng xịt phòng. Rất thơm. Chỉ lưu hương đc tiếng. Nên mua,Mình dùng xịt phòng . Rất thơm . Chỉ lưu hương đc tiếng . Nên mua,Mình dùng xịt phòng . Rất thơm . Chỉ lưu hương đc tiếng . Nên mua
298324058,01/12/2020 22:01,5,"Đóng gói tốt, mùi rất thơm","Đóng_gói tốt , mùi rất thơm","Đóng_gói tốt , mùi rất thơm"
74767016,10/10/2020 17:07,5,Y chang mùi trà đào ngoài quán nước dundbduubdnsndbudbuebusubdhusnudbundubudubdxbudbyr,Y chang mùi trà đào ngoài quán nước dundbduubdnsndbudbuebusubdhusnudbundubudubdxbudbyr,Y chang mùi trà đào ngoài quán nước dundbduubdnsndbudbuebusubdhusnudbundubudubdxbudbyr
77094792,05/10/2020 16:43,5,Shhshsggeggehheyyhghgsgsggsgsgsheuhehshsvvxbx shsueiihdgsgagg,Shhshsggeggehheyyhghgsgsggsgsgsheuhehshsvvxbx_shsueiihdgsgagg,Shhshsggeggehheyyhghgsgsggsgsgsheuhehshsvvxbx_shsueiihdgsgagg
204892599,04/12/2020 14:26,5,Trời ơi thích nhất là mùi đào luôn ấyy,Trời_ơi thích nhất là mùi đào luôn ấyy,Trời_ơi thích nhất mùi đào luôn ấyy
56051304,27/11/2020 22:59,5,"Hàng ổnn, thơmm","Hàng ổnn , thơmm","Hàng ổnn , thơmm"
230777631,04/12/2020 19:04,5,"Đóng gói gọn gàng, đẹp, mùi thơm dễ chịu mùi đào","Đóng_gói gọn_gàng , đẹp , mùi thơm dễ_chịu mùi đào","Đóng_gói gọn_gàng , đẹp , mùi thơm dễ_chịu mùi đào"
77461044,24/11/2020 10:04,5,"Thơm cực luôn nè, sẽ mua tiếp, yêu shop thanks shop ạ hihii","Thơm cực luôn nè , sẽ mua tiếp , yêu shop thanks shop ạ hihii","Thơm cực luôn nè , mua tiếp , yêu shop thanks shop ạ hihii"
34678337,04/10/2020 23:08,5,Mùi y như mùi siro đào hay trà đào. Lúc đầu khá nồng về sau thoảng dần. Chưa thử độ cầm h. Chai cầm chắc tay,Mùi y_như mùi siro đào hay trà đào . Lúc đầu khá nồng về sau thoảng dần . Chưa thử độ cầm h . Chai cầm_chắc_tay,Mùi y_như mùi siro đào trà đào . Lúc đầu khá nồng về sau thoảng dần . Chưa thử độ cầm h . Chai cầm_chắc_tay
31901157,19/10/2020 12:05,5,"Xịt thơm lắm, tuy nhiên vì khá rẻ nên cũng không giữ mùi quá lâu đâu","Xịt thơm lắm , tuy_nhiên vì khá rẻ nên cũng không giữ mùi quá lâu đâu","Xịt thơm lắm , tuy_nhiên khá rẻ giữ mùi quá lâu đâu"
118976073,06/12/2020 09:53,5,"Xịt giống mùi kẹo, k thích lắm","Xịt giống mùi kẹo , k thích lắm","Xịt giống mùi kẹo , k thích lắm"
92545435,02/11/2020 02:02,5,Iiyvuebeueibuinebeenibebehii,Iiyvuebeueibuinebeenibebehii,Iiyvuebeueibuinebeenibebehii
316829742,14/10/2020 09:49,4,Mùi noa hơi hắc cũng do tùy mỗi bạn ngửi nhưng mình mua mùi đều không đc thơm ngửi vào hay đau đầu nhưng đóng gói sản phẩm cẩn thẩn mùi cũng lưu hương lâu đc hơn tiếng nếu sịt trong tủ quần áo thì đc hơn hôm đó,Mùi noa hơi hắc cũng do tùy mỗi bạn ngửi nhưng mình mua mùi đều không đc thơm ngửi vào hay đau_đầu nhưng đóng_gói sản_phẩm cẩn thẩn mùi cũng lưu hương lâu đc hơn tiếng nếu sịt trong tủ quần_áo thì đc hơn hôm đó,Mùi noa hơi hắc do tùy mỗi ngửi mua mùi đều đc thơm ngửi vào đau_đầu đóng_gói sản_phẩm cẩn thẩn mùi lưu hương lâu đc hơn tiếng sịt tủ quần_áo thì đc hơn hôm đó
314885901,12/11/2020 18:14,5,"Shop phục vụ tốt cực lun,mùi cũng thơm mà e chọn mùi này hơi hắc ạ mà cũng quá okii rùi","Shop phục_vụ tốt cực lun , mùi cũng thơm mà e chọn mùi này hơi hắc ạ mà cũng quá okii rùi","Shop phục_vụ tốt cực lun , mùi thơm e chọn mùi hơi hắc ạ quá okii rùi"
53526313,23/10/2020 22:28,5,"giao hàng rát nhanh, ngày là có rùi nha. đóng bọc hơi khó tháo nma đúng là cẩn thận nhé. mùi đào nồng lắm nha. hình ảnh mang tc lấy xu hic","giao hàng rát nhanh , ngày là có rùi nha . đóng bọc hơi khó tháo nma đúng là cẩn_thận nhé . mùi đào nồng lắm nha . hình_ảnh mang tc lấy xu hic","giao hàng rát nhanh , ngày rùi nha . đóng bọc hơi khó tháo nma đúng cẩn_thận nhé . mùi đào nồng lắm nha . hình_ảnh mang tc lấy xu hic"
61075996,18/10/2020 16:05,5,"Chai xinh, thơm, mùi ngọt dã man. Sẽ ủng hộ shop tiếp","Chai xinh , thơm , mùi ngọt dã_man . Sẽ ủng_hộ shop tiếp","Chai xinh , thơm , mùi ngọt dã_man . Sẽ ủng_hộ shop tiếp"
262982721,27/11/2020 20:45,5,"uii mn ơi mua đii thơm lắm ýyy mùi không hắc đâuu, lại còn rẻ nữa hmuhmu.","uii mn ơi mua đii thơm lắm ýyy mùi không hắc đâuu , lại còn rẻ nữa hmuhmu .","uii mn ơi mua đii thơm lắm ýyy mùi hắc đâuu , lại còn rẻ nữa hmuhmu ."
290112632,30/11/2020 12:26,5,Mùi đào thơm nhẹ nhàng lắm mn,Mùi đào thơm nhẹ_nhàng lắm mn,Mùi đào thơm nhẹ_nhàng lắm mn
72709147,20/10/2020 14:50,5,"Giao hàng cũng khá nhanh, được tặng đồ buộc tóc cute nữa, nước hoa thơm quá trời luôn, xịt phòng thơm ngát mùi đào, ngửi cái muốn uống trà đào luôn ấy, kem dưỡng tay chưa dùng chưa biết nhaa","Giao hàng cũng khá nhanh , được tặng đồ buộc tóc cute nữa , nước_hoa thơm quá trời luôn , xịt phòng thơm_ngát mùi đào , ngửi cái muốn uống trà đào luôn ấy , kem dưỡng tay chưa dùng chưa biết nhaa","Giao hàng khá nhanh , tặng đồ buộc tóc cute nữa , nước_hoa thơm quá trời luôn , xịt phòng thơm_ngát mùi đào , ngửi cái muốn uống trà đào luôn ấy , kem dưỡng tay dùng biết nhaa"
159966282,04/11/2020 13:33,5,chai peach body mùi cồn hơi ghê. Còn shimang thì thơm hơn nhiều. Shop còn tặng cho dây buộc tóc,chai peach body mùi cồn hơi ghê . Còn shimang thì thơm hơn nhiều . Shop còn tặng cho dây buộc tóc,chai peach body mùi cồn hơi ghê . Còn shimang thì thơm hơn . Shop còn tặng cho dây buộc tóc
268114109,06/11/2020 16:26,5,"Mua lần rồi, vs mình mùi thơm ko quá hắc, Lần sau sẽ thử những mùi khá. ps bt gặp a shipper cute thích vl","Mua lần rồi , vs mình mùi thơm ko quá hắc , Lần sau sẽ thử những mùi khá . ps bt gặp a shipper cute thích vl","Mua lần rồi , vs mùi thơm ko quá hắc , Lần sau thử những mùi khá . ps bt gặp a shipper cute thích vl"
38458904,10/11/2020 10:35,5,Ko bt mùi hoa hồng như nào nhưng mùi hoa oải hương rất thơm ko nồng.tán nhanh chỉ thơm thoang thoảng mình rất thích,Ko bt mùi hoa_hồng như nào nhưng mùi hoa oải hương rất thơm ko nồng . tán nhanh chỉ thơm thoang_thoảng mình rất thích,Ko bt mùi hoa_hồng như mùi hoa oải hương rất thơm ko nồng . tán nhanh chỉ thơm thoang_thoảng rất thích
285552678,12/12/2020 18:14,5,Mùi thơm dễ chịu,Mùi thơm dễ_chịu,Mùi thơm dễ_chịu
99965212,01/12/2020 16:17,3,Gói hàng không cẩn thận đổ hết nửa chai,Gói hàng không cẩn_thận đổ hết nửa chai,Gói hàng cẩn_thận đổ hết nửa chai
276516659,12/11/2020 16:32,5,"Mùi được cũng ko gọi là thơm lắm nhưng nhỏ hơn so với tưởng tượng, hàng đóng gói kĩ giao hàng nhanh hợp với giá tiền.","Mùi được cũng ko gọi là thơm lắm nhưng nhỏ hơn so với tưởng_tượng , hàng đóng_gói kĩ giao hàng nhanh hợp với giá tiền .","Mùi ko gọi thơm lắm nhỏ hơn so tưởng_tượng , hàng đóng_gói kĩ giao hàng nhanh hợp giá tiền ."
82623794,23/09/2020 13:41,4,"Hàng về nhanh, hàng gói chắc chắn, tuy nhiên e đặt giấy thấm dầu trà xanh green tea, shop lại giao bạc hà peppermint. Lần này có hơi buồn vì shop giao sai mong shop lần sau cẩn thận hơn chút ạ","Hàng về nhanh , hàng gói chắc_chắn , tuy_nhiên e đặt giấy_thấm dầu trà xanh green tea , shop lại giao bạc_hà peppermint . Lần này có hơi buồn vì shop giao sai mong shop lần sau cẩn_thận hơn chút ạ","Hàng về nhanh , hàng gói chắc_chắn , tuy_nhiên e đặt giấy_thấm dầu trà xanh green tea , shop lại giao bạc_hà peppermint . Lần hơi buồn shop giao sai mong shop lần sau cẩn_thận hơn chút ạ"
285888255,29/11/2020 20:41,5,Chai body mist đào thơm còn chai Tokyo hôi khó chịu.,Chai body mist đào thơm còn chai Tokyo hôi khó_chịu .,Chai body mist đào thơm còn chai Tokyo hôi khó_chịu .
309855650,08/11/2020 19:10,5,Mùi thơm cưng xỉu luôn,Mùi thơm cưng xỉu luôn,Mùi thơm cưng xỉu luôn
172680512,09/10/2020 22:50,5,"Mùi thơm nhẹ khá là được, ổn mà giá tiền cũng không quá đắt, phù hợp cho các bạn dùng đi học hay đi chơi với bạn bè","Mùi thơm nhẹ khá là được , ổn mà giá tiền cũng không quá đắt , phù_hợp cho các bạn dùng đi học hay đi chơi với bạn_bè","Mùi thơm nhẹ khá , ổn giá tiền quá đắt , phù_hợp cho các dùng đi học đi chơi bạn_bè"
49997490,11/11/2020 21:23,5,Mùi hoa hồng không thích lắm,Mùi hoa_hồng không thích lắm,Mùi hoa_hồng thích lắm
50662745,11/11/2020 17:25,5,"Do não cá vàng nên quên béng mất đánh giá sản phẩm, shop đóng gói cẩn thận, còn tặng kèm dây buộc tóc xinh xinh, shipper giao hàng nhanh","Do não cá_vàng nên quên_béng mất đánh_giá sản_phẩm , shop đóng_gói cẩn_thận , còn tặng kèm dây buộc tóc xinh_xinh , shipper giao hàng nhanh","Do não cá_vàng quên_béng mất đánh_giá sản_phẩm , shop đóng_gói cẩn_thận , còn tặng kèm dây buộc tóc xinh_xinh , shipper giao hàng nhanh"
37028302,24/10/2020 13:50,5,"Hương hoa hồng ngửi hơi khó chịu ạ, k có mùi hoa hồng lắm mà nó hóa học quá. Còn mùi lavender thì siêu thơm nè","Hương_hoa_hồng ngửi hơi khó_chịu ạ , k có mùi hoa_hồng lắm mà nó hóa học quá . Còn mùi lavender thì siêu thơm nè","Hương_hoa_hồng ngửi hơi khó_chịu ạ , k mùi hoa_hồng lắm nó hóa học quá . Còn mùi lavender thì siêu thơm nè"
179933686,11/10/2020 22:44,5,Chai xịt thơm mùi vừa phải không bị nồng giá rẻ giao hàng nhanh,Chai xịt thơm mùi vừa phải không bị nồng giá rẻ giao hàng nhanh,Chai xịt thơm mùi phải bị nồng giá rẻ giao hàng nhanh
148895828,10/11/2020 18:51,5,Giống với mô tả Xinh lắm ạ mình rất thích sẽ tiếp tục ủng hộ shop,Giống với mô_tả Xinh lắm ạ mình rất thích sẽ tiếp_tục ủng_hộ shop,Giống mô_tả Xinh lắm ạ rất thích tiếp_tục ủng_hộ shop
74540358,08/10/2020 11:33,5,"Đóng gói rất kỹ lưỡng, rất hài lòng về sản phẩm bên shop","Đóng_gói rất kỹ_lưỡng , rất hài_lòng về sản_phẩm bên shop","Đóng_gói rất kỹ_lưỡng , rất hài_lòng về sản_phẩm bên shop"
59831153,08/10/2020 12:47,5,Mùi lúc đầu nồng và gắt lại giồng mấy chai nước hoa bth mình hay mua. Sau lúc thì còn lại mùi thoang thoảng dịu nhẹ khá thích nhưng mùi lavender thì k rõ ràng lắm,Mùi lúc đầu nồng và gắt lại giồng mấy chai nước_hoa bth mình hay mua . Sau lúc thì còn lại mùi thoang_thoảng dịu nhẹ khá thích nhưng mùi lavender thì k rõ_ràng lắm,Mùi đầu nồng gắt lại giồng mấy chai nước_hoa bth mua . Sau thì còn lại mùi thoang_thoảng dịu nhẹ khá thích mùi lavender thì k rõ_ràng lắm
166109852,11/10/2020 15:18,5,Tìm cạ mua chung gương tai mèo. Có hai màu. Hồng. Trắng. Giá gốc kc e cần bạn mua chung rồi chia ship nhaa,Tìm cạ mua chung gương tai mèo . Có hai màu . Hồng . Trắng . Giá gốc kc e cần bạn mua chung rồi chia ship nhaa,Tìm cạ mua chung gương tai mèo . Có hai màu . Hồng . Trắng . Giá gốc kc e cần mua chung rồi chia ship nhaa
263234516,29/11/2020 13:00,4,"Giao hàng nhanh, đóng gói cẩn thận mùi hương cực kì thơm","Giao hàng nhanh , đóng_gói cẩn_thận mùi hương cực_kì thơm","Giao hàng nhanh , đóng_gói cẩn_thận mùi hương cực_kì thơm"
46219917,11/11/2020 16:46,5,"Mùi thơm nhẹ, không nồng, oke lắm nha","Mùi thơm nhẹ , không nồng , oke lắm nha","Mùi thơm nhẹ , nồng , oke lắm nha"
102309909,09/11/2020 22:46,5,aakaakakakkakakaakakakkaakakkakakkakakakakaakakakakakakkaakkakakakakakaka,aakaakakakkakakaakakakkaakakkakakkakakakakaakakakakakakkaakkakakakakakaka,aakaakakakkakakaakakakkaakakkakakkakakakakaakakakakakakkaakkakakakakakaka
175218870,01/11/2020 07:57,5,Tuyệt vời bán cakcmdnqknxcnanxbah cncakxndnddnxnxnnxbcns,Tuyệt_vời bán cakcmdnqknxcnanxbah cncakxndnddnxnxnnxbcns,Tuyệt_vời bán cakcmdnqknxcnanxbah cncakxndnddnxnxnnxbcns
28482147,29/09/2020 20:43,5,Chất lượng sản phẩm tuyệt vời. Đóng gói sản phẩm đẹp và chắc chắn.,Chất_lượng sản_phẩm tuyệt_vời . Đóng_gói sản_phẩm đẹp và chắc_chắn .,Chất_lượng sản_phẩm tuyệt_vời . Đóng_gói sản_phẩm đẹp chắc_chắn .
111096906,09/11/2020 09:25,5,Mùi đào.tuy nhiên thì mùi này mình cũng ko đc thích lắm,Mùi đào . tuy_nhiên thì mùi này mình cũng ko đc thích lắm,Mùi đào . tuy_nhiên thì mùi ko đc thích lắm
129540393,01/12/2020 16:50,3,Mùi đào khó gửi lắm,Mùi đào khó gửi lắm,Mùi đào khó gửi lắm
54102165,17/09/2020 17:41,5,"Chua dung neen chua biet,đc tặng kèm gói màu hồng kia kb là, nt là túi thơm","Chua dung neen chua biet , đc tặng kèm gói màu hồng kia kb là , nt là túi thơm","Chua dung neen chua biet , đc tặng kèm gói màu hồng kia kb , nt túi thơm"
52669488,30/08/2020 11:09,5,Gọi điện kêu hết hàng muốn đổi thành mùi bưởi nhưng mà vẫn giao mùi đào D cám ơn shop đã cố gắng nhé.,Gọi điện kêu hết hàng muốn đổi thành mùi bưởi nhưng mà vẫn giao mùi đào D cám_ơn shop đã cố_gắng nhé .,Gọi điện kêu hết hàng muốn đổi thành mùi bưởi vẫn giao mùi đào D cám_ơn shop cố_gắng nhé .
131390446,12/11/2020 21:49,5,"Hương hoa hồng thì thơm lâu nhưng hơi gắt, còn hương đào thì thơm ngọt như lại kh bám mùi lâu","Hương_hoa_hồng thì thơm lâu nhưng hơi gắt , còn hương đào thì thơm ngọt như lại kh bám mùi lâu","Hương_hoa_hồng thì thơm lâu hơi gắt , còn hương đào thì thơm ngọt như lại kh bám mùi lâu"
204848308,24/11/2020 16:08,3,mik thấy hương lavender như mùi của nam í ko ưng í lắm còn mùi đào cx tạm tạm,mik thấy hương lavender như mùi của nam í ko ưng í lắm còn mùi đào cx tạm tạm,mik thấy hương lavender như mùi nam í ko ưng í lắm còn mùi đào cx tạm tạm
252532789,04/10/2020 19:35,5,"Đồ về được đóng gói cẩn thận lắm ạ. Hàng xinh xắn, chưa dùng nên chưa biết chất lượng sao. Còn được tặng quà nho nhỏ","Đồ về được đóng_gói cẩn_thận lắm ạ . Hàng xinh_xắn , chưa dùng nên chưa biết chất_lượng sao . Còn được tặng quà nho_nhỏ","Đồ về đóng_gói cẩn_thận lắm ạ . Hàng xinh_xắn , dùng biết chất_lượng sao . Còn tặng quà nho_nhỏ"
49997490,06/11/2020 10:31,5,Mùi đào cực thơm,Mùi đào cực thơm,Mùi đào cực thơm
5642739,13/08/2020 10:22,5,"Đã nhận dc hàng, nhưng biết chất lượng thế nào. Nhờ ng nhận dùm, hàng giao nhanh, giá rẻ hơn chỗ khác.","Đã nhận dc hàng , nhưng biết chất_lượng thế_nào . Nhờ ng nhận dùm , hàng giao nhanh , giá rẻ hơn chỗ khác .","Đã nhận dc hàng , biết chất_lượng thế_nào . Nhờ ng nhận dùm , hàng giao nhanh , giá rẻ hơn chỗ khác ."
19239446,13/10/2020 17:56,4,Mùi hoa hồng k rõ mà hắc quá toàn mùi cồn. Đánh giá vì đóng gói hàng cẩn thận,Mùi hoa_hồng k rõ mà hắc quá toàn mùi cồn . Đánh_giá vì đóng_gói hàng cẩn_thận,Mùi hoa_hồng k rõ hắc quá toàn mùi cồn . Đánh_giá đóng_gói hàng cẩn_thận
78526164,05/09/2020 11:09,5,"Mùi đào rất thơm và hương khá dai, mình xịt vào áo tầm tiếng thì bay mùi dần. Packaging siêu yêu","Mùi đào rất thơm và hương khá dai , mình xịt vào áo tầm tiếng thì bay mùi dần . Packaging siêu yêu","Mùi đào rất thơm hương khá dai , xịt vào áo tầm tiếng thì bay mùi dần . Packaging siêu yêu"
180764757,08/10/2020 16:58,5,Hương nước hoa thơm. Nhưng hương hoa hồng kh đc thơm như mình nghĩ,Hương nước_hoa thơm . Nhưng hương_hoa_hồng kh đc thơm như mình nghĩ,Hương nước_hoa thơm . Nhưng hương_hoa_hồng kh đc thơm như nghĩ
161108023,07/09/2020 21:04,5,chai đào ban đầu thấy mùi cồn hơi nồng nhưng bay đi rất nhanh còn mùi đào thơm kinh khủng,chai đào ban_đầu thấy mùi cồn hơi nồng nhưng bay đi rất nhanh còn mùi đào thơm kinh_khủng,chai đào ban_đầu thấy mùi cồn hơi nồng bay đi rất nhanh còn mùi đào thơm kinh_khủng
115645094,05/09/2020 06:52,5,"Rất thích mùi này, giờ mình mới biết là mùi bưởi thơm như vậy, sẽ mua tiếp","Rất thích mùi này , giờ mình mới biết là mùi bưởi thơm như_vậy , sẽ mua tiếp","Rất thích mùi , giờ mới biết mùi bưởi thơm như_vậy , mua tiếp"
102782461,02/10/2020 12:12,5,Thơm mùi đào. Cả chai đều thơm lắm ạ. Giao hàng siêu nhanh luôn ý,Thơm mùi đào . Cả chai đều thơm lắm ạ . Giao hàng siêu nhanh luôn ý,Thơm mùi đào . Cả chai đều thơm lắm ạ . Giao hàng siêu nhanh luôn ý
78221781,12/10/2020 17:21,5,Chất lượng sản phẩm tuyệt vời đóng gói sản phẩm rất đẹp và chất lượng shop phục vụ rất tốt rất đáng tiền thời gian giao hàng rất nhanh và ổn định,Chất_lượng sản_phẩm tuyệt_vời đóng_gói sản_phẩm rất đẹp và chất_lượng shop phục_vụ rất tốt rất đáng tiền thời_gian giao hàng rất nhanh và ổn_định,Chất_lượng sản_phẩm tuyệt_vời đóng_gói sản_phẩm rất đẹp chất_lượng shop phục_vụ rất tốt rất đáng tiền thời_gian giao hàng rất nhanh ổn_định
302916911,24/10/2020 19:26,5,"Xịt khá thơm, mùi dịu nhẹ, Shop đáng yêu tặng kèm dây buột tóc nữa cơ. giao hàng nhanh,shipper dễ thương, sẽ ủng hộ shop lần sau ạ","Xịt khá thơm , mùi dịu nhẹ , Shop đáng yêu tặng kèm dây buột tóc nữa cơ . giao hàng nhanh , shipper dễ_thương , sẽ ủng_hộ shop lần sau ạ","Xịt khá thơm , mùi dịu nhẹ , Shop đáng yêu tặng kèm dây buột tóc nữa cơ . giao hàng nhanh , shipper dễ_thương , ủng_hộ shop lần sau ạ"
254325235,19/10/2020 12:00,3,Son ok nhưng nước hoa mùi hoa Hồng như có bỏ rượu cồn v xịt lên người muốn ngủ lun,Son_ok nhưng nước_hoa mùi hoa Hồng như có bỏ rượu_cồn v xịt lên người muốn ngủ lun,Son_ok nước_hoa mùi hoa Hồng như bỏ rượu_cồn v xịt lên người muốn ngủ lun
113086969,02/09/2020 23:41,5,Kiểu hương mình thích.e nó khá đa di năng.giá cả hợp lí,Kiểu hương mình thích . e nó khá đa di_năng . giá_cả hợp_lí,Kiểu hương thích . e nó khá đa di_năng . giá_cả hợp_lí
163640384,01/11/2020 15:00,5,Mùi bưởi mình thấy hơi hắc nhưng dùng lượng nhỏ thì rất thơm,Mùi bưởi mình thấy hơi hắc nhưng dùng lượng nhỏ thì rất thơm,Mùi bưởi thấy hơi hắc dùng lượng nhỏ thì rất thơm
71808536,23/12/2020 17:24,1,Không nhận được hàng,Không nhận được hàng,Không nhận hàng
67757776,25/09/2020 13:03,2,Lọ trắng thì thơm còn lọ hồng k khác gì đổ nước lã vào trong.,Lọ trắng thì thơm còn lọ hồng k khác gì đổ nước_lã vào trong .,Lọ trắng thì thơm còn lọ hồng k khác gì đổ nước_lã vào .
274190631,25/10/2020 22:01,3,Mùi hoa hồng hơi hắc. Còn mùi lavender thì hợp với con trai hơn vì nó hệt mùi xmen á. Có quà nhỏ nhỏ xinh xinh,Mùi hoa_hồng hơi hắc . Còn mùi lavender thì hợp với con_trai hơn vì nó hệt mùi xmen á . Có quà nhỏ nhỏ xinh_xinh,Mùi hoa_hồng hơi hắc . Còn mùi lavender thì hợp con_trai hơn nó hệt mùi xmen á . Có quà nhỏ nhỏ xinh_xinh
218929671,03/09/2020 13:15,5,"Rất là ok ạ, hàng đẹp hài lòng, như ảnh, shipper dễ thương dễ chịu","Rất là ok ạ , hàng đẹp hài_lòng , như ảnh , shipper dễ_thương dễ_chịu","Rất ok ạ , hàng đẹp hài_lòng , như ảnh , shipper dễ_thương dễ_chịu"
9668567,01/09/2020 11:55,4,Giao hàng nhanh. Giá thành phù hợp vs sp. Mùi bay nhanh nhưng thơm như ice đào,Giao hàng nhanh . Giá_thành phù_hợp vs sp . Mùi bay nhanh nhưng thơm như ice đào,Giao hàng nhanh . Giá_thành phù_hợp vs sp . Mùi bay nhanh thơm như ice đào
233421074,03/10/2020 21:17,5,"Đóng gói chắc chắn, giao hàng nhanh, son màu rất đẹp.nước hoa lại thơm, còn có quà nữa.yêu shop nhìu","Đóng_gói chắc_chắn , giao hàng nhanh , son màu rất đẹp . nước_hoa lại thơm , còn có quà nữa . yêu shop nhìu","Đóng_gói chắc_chắn , giao hàng nhanh , son màu rất đẹp . nước_hoa lại thơm , còn quà nữa . yêu shop nhìu"
126873682,25/10/2020 13:49,5,Thơm lắm re nữa ah,Thơm lắm re nữa ah,Thơm lắm re nữa ah
40400347,22/10/2020 21:36,5,"Thơm ơi là thơm luôn nè em siêu thích luôn, lần sau sẽ ủng hộ shop nữa ạ","Thơm ơi là thơm luôn nè em siêu thích luôn , lần sau sẽ ủng_hộ shop nữa ạ","Thơm ơi thơm luôn nè em siêu thích luôn , lần sau ủng_hộ shop nữa ạ"
11305018,15/07/2020 00:28,5,Chất lượng sản phẩm tuyệt vời. Đóng gói sản phẩm rất đẹp và chắc chắn. Rất đáng tiền.,Chất_lượng sản_phẩm tuyệt_vời . Đóng_gói sản_phẩm rất đẹp và chắc_chắn . Rất đáng tiền .,Chất_lượng sản_phẩm tuyệt_vời . Đóng_gói sản_phẩm rất đẹp chắc_chắn . Rất đáng tiền .
197030897,08/10/2020 16:52,5,Gsshheehegueieeheyueiegegeusidhdvdveyueebeveheidodnddieiehebevrgevdgr,Gsshheehegueieeheyueiegegeusidhdvdveyueebeveheidodnddieiehebevrgevdgr,Gsshheehegueieeheyueiegegeusidhdvdveyueebeveheidodnddieiehebevrgevdgr
343059380,29/11/2020 19:07,5,Cực thơm,Cực thơm,Cực thơm
32246015,04/11/2020 02:28,4,"Hình thức đẹp, mùi thơm nhưng bay hơi hơi nhanh","Hình_thức đẹp , mùi thơm nhưng bay_hơi hơi nhanh","Hình_thức đẹp , mùi thơm bay_hơi hơi nhanh"
83871772,26/10/2020 12:08,5,Xinh xỉu mn ạ chỉ xịt phòng lưu hương k lâu mấy nhưng rẻ nên oke ạ,Xinh xỉu mn ạ chỉ xịt phòng lưu hương k lâu mấy nhưng rẻ nên oke ạ,Xinh xỉu mn ạ chỉ xịt phòng lưu hương k lâu mấy rẻ oke ạ
277904538,30/09/2020 16:59,5,"Mùi đào thì siu thơm nun ạ giống mùi trà đào ice tea á còn mùi bưởi thì hơi hắc xíu tuy nhiên dùng trong ngày nóng nực thì resh lắm nhaa, kiểu nó thoang thoảng mát mát mùi chanh bưởi á.","Mùi đào thì siu thơm nun ạ giống mùi trà đào ice tea á còn mùi bưởi thì hơi hắc xíu tuy_nhiên dùng trong ngày nóng_nực thì resh lắm nhaa , kiểu nó thoang_thoảng mát mát mùi chanh bưởi á .","Mùi đào thì siu thơm nun ạ giống mùi trà đào ice tea á còn mùi bưởi thì hơi hắc xíu tuy_nhiên dùng ngày nóng_nực thì resh lắm nhaa , kiểu nó thoang_thoảng mát mát mùi chanh bưởi á ."
64062061,03/10/2020 16:32,5,Mùi rất nhẹ ko gắt,Mùi rất nhẹ ko gắt,Mùi rất nhẹ ko gắt
259944158,08/10/2020 11:15,5,Sản phẩm okee thơm mùi dễ chịu nhưng giữ mùi không được lâu cho lắm ý dùng hết sẽ lại ủng hộ shop,Sản_phẩm okee thơm mùi dễ_chịu nhưng giữ mùi không được lâu cho lắm ý dùng hết sẽ lại ủng_hộ shop,Sản_phẩm okee thơm mùi dễ_chịu giữ mùi lâu cho lắm ý dùng hết lại ủng_hộ shop
67712849,05/10/2020 13:31,5,Giao đúng đủ sản phẩm. Giao hàng nhanh. Chất lượng so vs giá tiền.,Giao đúng đủ sản_phẩm . Giao hàng nhanh . Chất_lượng so vs giá tiền .,Giao đúng đủ sản_phẩm . Giao hàng nhanh . Chất_lượng so vs giá tiền .
157493246,07/08/2020 15:43,5,"Taking exams is inevitable or students, and it is really stressul","Taking exams is inevitable or students , and it is really stressul","Taking exams is inevitable or students , and it is really stressul"
92159486,01/09/2020 12:09,5,"Giao nhanh gói đẹp hàng nguyên tem mác, khá hài lòng","Giao nhanh gói đẹp hàng nguyên tem mác , khá hài_lòng","Giao nhanh gói đẹp hàng nguyên tem mác , khá hài_lòng"
198102519,22/10/2020 18:54,5,"Giao hàng nhanh, đủ hàng và đúng mẫu. Chưa sử dụng nên chưua biết hiệu quả","Giao hàng nhanh , đủ hàng và đúng mẫu . Chưa sử_dụng nên chưua biết hiệu_quả","Giao hàng nhanh , đủ hàng đúng mẫu . Chưa sử_dụng chưua biết hiệu_quả"
189069254,06/10/2020 14:43,5,"Mùi đào thơm, chất lượng sản phẩm rất okee, soạn và giao hàng nhanh.","Mùi đào thơm , chất_lượng sản_phẩm rất okee , soạn và giao hàng nhanh .","Mùi đào thơm , chất_lượng sản_phẩm rất okee , soạn giao hàng nhanh ."
130697058,17/07/2020 09:57,5,Chất lượng sản phẩm tuyệt vời Đóng gói sản phẩm rất đẹp và chắc chắn,Chất_lượng sản_phẩm tuyệt_vời Đóng_gói sản_phẩm rất đẹp và chắc_chắn,Chất_lượng sản_phẩm tuyệt_vời Đóng_gói sản_phẩm rất đẹp chắc_chắn
159630355,19/10/2020 21:07,4,Cái bình sịt thơm kh giữ mùi lâu. Sáp màu xanh thì mùi rất hoá học,Cái bình sịt thơm kh giữ mùi lâu . Sáp màu xanh thì mùi rất hoá_học,Cái bình sịt thơm kh giữ mùi lâu . Sáp màu xanh thì mùi rất hoá_học
224598937,29/09/2020 22:14,5,"Mùi hương ngọt hơn tưởng tượng, giống hệt mùi Ice đào, hương thơm sau khoảng h thì bay hơi dần, cá nhân mình thì k thích mùi này lắm, kiểu hơi ngọt quá","Mùi hương ngọt hơn tưởng_tượng , giống_hệt mùi Ice đào , hương thơm sau khoảng h thì bay_hơi dần , cá_nhân mình thì k thích mùi này lắm , kiểu hơi ngọt quá","Mùi hương ngọt hơn tưởng_tượng , giống_hệt mùi Ice đào , hương thơm sau khoảng h thì bay_hơi dần , cá_nhân thì k thích mùi lắm , kiểu hơi ngọt quá"
242288105,18/11/2020 21:00,5,nước hoa hương đào thì thơm cực.,nước_hoa hương đào thì thơm cực .,nước_hoa hương đào thì thơm cực .
154097817,30/07/2020 10:54,5,"Chai xịt mùi bưởi thơm.nồng mùi lavender thì dịu hơn, với giá như i thì ko đòi hỏi gì hơn, nói chung là hài lòng","Chai xịt mùi bưởi thơm . nồng mùi lavender thì dịu hơn , với giá_như i thì ko đòi_hỏi gì hơn , nói_chung là hài_lòng","Chai xịt mùi bưởi thơm . nồng mùi lavender thì dịu hơn , giá_như i thì ko đòi_hỏi gì hơn , nói_chung hài_lòng"
197070301,24/11/2020 19:38,5,Thơm lắm nha,Thơm lắm nha,Thơm lắm nha
193102221,07/08/2020 13:39,3,không biết mọi người cảm thấy thế nào nhưng mình thấy mùi hắc lắm luôn ấy,không biết mọi người cảm_thấy thế_nào nhưng mình thấy mùi hắc lắm luôn ấy,biết mọi người cảm_thấy thế_nào thấy mùi hắc lắm luôn ấy
136714945,08/10/2020 08:46,5,Mùi thơm giá rẻ siêu thíchh,Mùi thơm giá rẻ siêu thíchh,Mùi thơm giá rẻ siêu thíchh
57196670,30/10/2020 19:05,5,"Mua ở shop này lần nào cũng ưng hết, hàng siêu xinh, giao đầy đủ","Mua ở shop này lần nào cũng ưng hết , hàng siêu xinh , giao đầy_đủ","Mua ở shop lần ưng hết , hàng siêu xinh , giao đầy_đủ"
300522691,13/10/2020 15:31,4,"Sản phẩm oke lắm mọi người ạ, có điều hương thơm phai nhanh, mà giá như thế này thì chẳng đòi hỏi gì nhiều","Sản_phẩm oke lắm mọi người ạ , có_điều hương thơm phai nhanh , mà giá_như thế này thì chẳng đòi_hỏi gì nhiều","Sản_phẩm oke lắm mọi người ạ , có_điều hương thơm phai nhanh , giá_như thế thì chẳng đòi_hỏi gì"
78999239,11/11/2020 12:57,5,"Hàng thơm đóng gói cẩn thận, nước xịt thơm body thì mùi nhanh hết","Hàng thơm đóng_gói cẩn_thận , nước xịt thơm body thì mùi nhanh hết","Hàng thơm đóng_gói cẩn_thận , nước xịt thơm body thì mùi nhanh hết"
284171832,28/09/2020 21:25,5,Đáng ieu thế nào í mn thơm thơm ngọt ngọt IG Vanh. ĐỈM.,Đáng ieu thế_nào í mn thơm thơm ngọt ngọt IG Vanh . ĐỈM .,Đáng ieu thế_nào í mn thơm thơm ngọt ngọt IG Vanh . ĐỈM .
327049623,04/11/2020 09:48,5,"Hương thơm, ko hắc cơ mà tiếc là tỏa hương ko đc lâu lắm nhưng mà ko sao","Hương thơm , ko hắc cơ_mà tiếc là tỏa hương ko đc lâu lắm nhưng mà ko sao","Hương thơm , ko hắc cơ_mà tiếc tỏa hương ko đc lâu lắm ko sao"
43296995,06/11/2020 12:11,5,Hàng tốt cực kì luonn.,Hàng tốt cực_kì luonn .,Hàng tốt cực_kì luonn .
181514293,18/09/2020 15:58,5,thơm tho,thơm_tho,thơm_tho
303646504,12/11/2020 16:10,5,Hàng oce nè,Hàng oce nè,Hàng oce nè
319599086,21/10/2020 22:54,5,Thơm lắm. Đúng mùi mình yêu thích,Thơm lắm . Đúng mùi mình yêu thích,Thơm lắm . Đúng mùi yêu thích
75074056,03/10/2020 21:48,5,Mùi thơm ngọt nhưng k thơm lau bay trong tính tắt,Mùi thơm ngọt nhưng k thơm lau bay trong tính tắt,Mùi thơm ngọt k thơm lau bay tính tắt
274190631,23/10/2020 07:48,5,Mùi thơm lắm nha. Còn đc tặng cả dây buộc tóc nữa,Mùi thơm lắm nha . Còn đc tặng cả dây buộc tóc nữa,Mùi thơm lắm nha . Còn đc tặng cả dây buộc tóc nữa
177997948,20/07/2020 18:35,5,Chai thiết kế xinh. Mùi khá nồng lúc mới xịt. Nhưng để lâu mùi sẽ dịu bớt. Phù hợp để xịt quần áo hoặc xịt phòng,Chai thiết_kế xinh . Mùi khá nồng lúc mới xịt . Nhưng để lâu mùi sẽ dịu bớt . Phù_hợp để xịt quần_áo hoặc xịt phòng,Chai thiết_kế xinh . Mùi khá nồng mới xịt . Nhưng để lâu mùi dịu bớt . Phù_hợp để xịt quần_áo hoặc xịt phòng
107203535,29/08/2020 14:49,5,Hàng giao nhanh y như hình rất ưng sẽ ủng hộ shopp,Hàng giao nhanh y_như hình rất ưng sẽ ủng_hộ shopp,Hàng giao nhanh y_như hình rất ưng ủng_hộ shopp
339097111,21/11/2020 00:59,5,Thơm và bao bì đẹp,Thơm và bao_bì đẹp,Thơm bao_bì đẹp
58716528,24/10/2020 08:22,5,mùi khá thơm,mùi khá thơm,mùi khá thơm
66392376,20/10/2020 17:22,1,Đặt lavender vs hoa hồng thì shop gửi bưởi vs hoa hồng,Đặt lavender vs hoa_hồng thì shop gửi bưởi vs hoa_hồng,Đặt lavender vs hoa_hồng thì shop gửi bưởi vs hoa_hồng
31907579,14/08/2020 18:26,5,Mùi đào thơm thơm ngọt ngọt mát mát nhẹ nhẹ. Thích nhất mùi này.,Mùi đào thơm thơm ngọt ngọt mát mát nhẹ nhẹ . Thích nhất mùi này .,Mùi đào thơm thơm ngọt ngọt mát mát nhẹ nhẹ . Thích nhất mùi .
264608581,22/10/2020 23:25,5,Mùi đào thơm và dễ chịu lắm luôn á,Mùi đào thơm và dễ_chịu lắm luôn á,Mùi đào thơm dễ_chịu lắm luôn á
91631775,10/08/2020 17:56,5,Shop giao nhanh. Nhiệt tình. Nước hoa thơm lắm ạ.,Shop giao nhanh . Nhiệt_tình . Nước_hoa thơm lắm ạ .,Shop giao nhanh . Nhiệt_tình . Nước_hoa thơm lắm ạ .
158499068,07/11/2020 23:02,2,"Mùi khá nồng, mới xịt lên hửi như mùi cồn vậy.","Mùi khá nồng , mới xịt lên hửi như mùi cồn_vậy .","Mùi khá nồng , mới xịt lên hửi như mùi cồn_vậy ."
190977370,12/10/2020 22:29,5,Đáng mua,Đáng mua,Đáng mua
43681878,02/10/2020 16:50,1,"Mùi hắc quá, nên mình đặt đào nhưng nhận được mùi hoa hồng rất nồng","Mùi hắc quá , nên mình đặt đào nhưng nhận được mùi hoa_hồng rất nồng","Mùi hắc quá , đặt đào nhận mùi hoa_hồng rất nồng"
187885497,26/10/2020 19:30,5,Hàng giống hình mùi thơm còn được tặng đồ cột tóc dễ thương,Hàng giống hình mùi thơm còn được tặng đồ cột tóc dễ_thương,Hàng giống hình mùi thơm còn tặng đồ cột tóc dễ_thương
270169607,22/11/2020 07:34,5,Thơm dịu nhẹ,Thơm dịu nhẹ,Thơm dịu nhẹ
64124507,29/08/2020 11:01,5,"Hương đào yêu quá và dễ chịu và tự nhiên, mới bóc giấy bóng kính mà hương thơm đã lưu lại ở tay rồi","Hương đào yêu quá và dễ_chịu và tự_nhiên , mới bóc giấy_bóng_kính mà hương thơm đã lưu lại ở tay rồi","Hương đào yêu quá dễ_chịu tự_nhiên , mới bóc giấy_bóng_kính hương thơm lưu lại ở tay rồi"
115567993,24/09/2020 17:02,5,Mùi đào ngọt hơi hắc. Được cái rẻ với packaging cute,Mùi đào ngọt hơi hắc . Được_cái rẻ với packaging cute,Mùi đào ngọt hơi hắc . Được_cái rẻ packaging cute
334516489,22/11/2020 20:05,5,Mình rất hài lòng về sản phẩm này,Mình rất hài_lòng về sản_phẩm này,Mình rất hài_lòng về sản_phẩm
135039188,16/09/2020 18:32,5,"Ok thơm nhẹ, đóng gói cẩn thận, giao hơi lâu xíu còn lại ok hết nhé","Ok thơm nhẹ , đóng_gói cẩn_thận , giao hơi lâu xíu còn lại ok hết nhé","Ok thơm nhẹ , đóng_gói cẩn_thận , giao hơi lâu xíu còn lại ok hết nhé"
125900794,29/09/2020 13:36,5,Tạm được. Tiền nào của nấy,Tạm được . Tiền nào của nấy,Tạm . Tiền nấy
309500315,01/11/2020 17:44,5,Tốt giống hình. Thơm nồng nặc,Tốt giống hình . Thơm nồng_nặc,Tốt giống hình . Thơm nồng_nặc
13325330,09/10/2020 21:25,3,Mùi cồn nhiều quá.,Mùi cồn nhiều quá .,Mùi cồn quá .
117658711,10/11/2020 17:50,5,mùi k như mình mong muốn,mùi k như mình mong_muốn,mùi k như mong_muốn
271816472,07/10/2020 14:51,5,Thơm giữ mùi lâu lắm ạ. Sẽ ủng hộ shop dài dài,Thơm giữ mùi lâu lắm ạ . Sẽ ủng_hộ shop dài_dài,Thơm giữ mùi lâu lắm ạ . Sẽ ủng_hộ shop dài_dài
274204825,23/10/2020 11:20,5,mùi hơi hắc nhưng giá rẻ nên khong sao giữ mùi cũng khá lâu,mùi hơi hắc nhưng giá rẻ nên khong sao giữ mùi cũng khá lâu,mùi hơi hắc giá rẻ khong sao giữ mùi khá lâu
176480123,13/08/2020 12:12,5,"Sản phẩm giá phù hợp mùi đào thơm lắm ạ, nếu có điều kiện sẽ tiếp tục ủng hộ shop nha","Sản_phẩm_giá phù_hợp mùi đào thơm lắm ạ , nếu có điều_kiện sẽ tiếp_tục ủng_hộ shop nha","Sản_phẩm_giá phù_hợp mùi đào thơm lắm ạ , điều_kiện tiếp_tục ủng_hộ shop nha"
110815409,25/10/2020 10:49,5,"Thơm cực ngọt, nhìn chai khá xịn","Thơm cực ngọt , nhìn chai khá xịn","Thơm cực ngọt , nhìn chai khá xịn"
319343297,18/10/2020 08:47,5,Giao hàng nhanh lắm nha.Sản phẩm giống trên hình nhưng bay mùi hơi nhanh,Giao hàng nhanh lắm nha . Sản_phẩm giống trên hình nhưng bay mùi hơi nhanh,Giao hàng nhanh lắm nha . Sản_phẩm giống trên hình bay mùi hơi nhanh
73658697,10/08/2020 18:35,5,"Shop hết mùi Dream có điện mình đổi mùi, shop tư vấn mình chọn mùi The day, nhưng shop giao mình một mùi khác. Nhưng mùi cũng rất thơm","Shop hết mùi Dream có điện mình đổi mùi , shop tư_vấn mình chọn mùi The_day , nhưng shop giao mình một mùi khác . Nhưng mùi cũng rất thơm","Shop hết mùi Dream điện đổi mùi , shop tư_vấn chọn mùi The_day , shop giao mùi khác . Nhưng mùi rất thơm"
238480316,02/10/2020 21:55,1,"Đặt đào gửi lavender. Chờ mãi mới nhận hàng thì lại giao sai. Có k cx bắt mình trả hàng, nếu mình k bận thì trả đc luôn Nma mình k có tgian thế mất mà hương chả ra","Đặt đào gửi lavender . Chờ mãi mới nhận hàng thì lại giao sai . Có k cx bắt mình trả hàng , nếu mình k bận thì trả đc luôn Nma mình k có tgian thế mất mà hương chả ra","Đặt đào gửi lavender . Chờ mãi mới nhận hàng thì lại giao sai . Có k cx bắt trả hàng , k bận thì trả đc luôn Nma k tgian thế mất hương chả ra"
108461514,30/10/2020 13:24,5,"Sản phẩm rất ưng ý, xịn sò","Sản_phẩm rất ưng_ý , xịn sò","Sản_phẩm rất ưng_ý , xịn sò"
276498070,04/11/2020 07:25,5,Shop đáng yêu ghê mua lọ xịt tặng cái dây cột tóc xinh xẻo giao hàng nhanh xịt thơm nữa,Shop đáng yêu ghê mua lọ xịt tặng cái dây cột tóc xinh_xẻo giao hàng nhanh xịt thơm nữa,Shop đáng yêu ghê mua lọ xịt tặng cái dây cột tóc xinh_xẻo giao hàng nhanh xịt thơm nữa
157206990,29/08/2020 12:19,5,"Shop giao nhanh, mùi đỉnh dã mann, còn k bị nồng nữa nhất là mùi Graperuit D chuẩn gu mình luôn. Lần tới dùng hết sẽ mua dài dài íii.","Shop giao nhanh , mùi đỉnh dã mann , còn k bị nồng nữa nhất là mùi Graperuit D chuẩn gu mình luôn . Lần tới dùng hết sẽ mua dài_dài íii .","Shop giao nhanh , mùi đỉnh dã mann , còn k bị nồng nữa nhất mùi Graperuit D chuẩn gu luôn . Lần tới dùng hết mua dài_dài íii ."
28821834,04/09/2020 19:47,5,Mình rất thích cách đóng gói của shop bảo vệ môi trường. Về sp thì mình thấy cũng tốt mùi ko quá nồng. Giá cả phải chăng.,Mình rất thích cách đóng_gói của shop bảo_vệ môi_trường . Về sp thì mình thấy cũng tốt mùi ko quá nồng . Giá_cả phải_chăng .,Mình rất thích cách đóng_gói shop bảo_vệ môi_trường . Về sp thì thấy tốt mùi ko quá nồng . Giá_cả phải_chăng .
229026211,07/11/2020 12:13,5,Thơm nhưng hơi dễ bay mùi nha. Shipper thân thiện cực,Thơm nhưng hơi dễ bay mùi nha . Shipper thân_thiện cực,Thơm hơi dễ bay mùi nha . Shipper thân_thiện cực
191879217,22/10/2020 05:32,5,Khuyên mng nên mua đào nhé thơm lắm lunn,Khuyên mng nên mua đào nhé thơm lắm lunn,Khuyên mng mua đào nhé thơm lắm lunn
165290443,10/10/2020 11:50,5,"Sản phẩm tốt, chai mình mua dùng sướng cực,mùi là hương bưởi mà ngửi k giống cho lắm,nó cứ giống mùi sả hơn.Khuyên mọi người nên mua mùi,thơm nhẹ nhàng.Tiếc khâu đóng gói k được chắc chắn nha shop","Sản_phẩm tốt , chai mình mua dùng sướng cực , mùi là hương bưởi mà ngửi k giống cho lắm , nó cứ giống mùi sả hơn . Khuyên mọi người nên mua mùi , thơm nhẹ_nhàng . Tiếc khâu đóng_gói k được chắc_chắn nha_shop","Sản_phẩm tốt , chai mua dùng sướng cực , mùi hương bưởi ngửi k giống cho lắm , nó cứ giống mùi sả hơn . Khuyên mọi người mua mùi , thơm nhẹ_nhàng . Tiếc khâu đóng_gói k chắc_chắn nha_shop"
59171638,21/10/2020 09:05,5,thơm giữ khá lâu,thơm giữ khá lâu,thơm giữ khá lâu
94189451,24/09/2020 18:10,4,"Mùi mới xịt thì khá thơm mà tầm,p là bay mùi mất, thôi kệ tiền nào của nấy","Mùi mới xịt thì khá thơm mà tầm , p là bay mùi mất , thôi kệ tiền nào của nấy","Mùi mới xịt thì khá thơm tầm , p bay mùi mất , thôi kệ tiền nấy"
205948366,21/09/2020 01:15,5,Thơm nha,Thơm_nha,Thơm_nha
139788232,04/09/2020 19:59,5,Giao hang nhanh đung mâu,Giao hang nhanh đung mâu,Giao hang nhanh đung mâu
39178819,25/10/2020 08:03,5,"Mùi ngọt,nhưng lưu hương ngắn","Mùi ngọt , nhưng lưu hương ngắn","Mùi ngọt , lưu hương ngắn"
198102519,17/09/2020 21:37,5,Chất lượng sản phẩm tốt. Giao hàng nhanh và đúng mẫu. Sẽ ủng hộ tiếp,Chất_lượng sản_phẩm tốt . Giao hàng nhanh và đúng mẫu . Sẽ ủng_hộ tiếp,Chất_lượng sản_phẩm tốt . Giao hàng nhanh đúng mẫu . Sẽ ủng_hộ tiếp
60312297,18/10/2020 06:21,5,"Xịt siêu ưng ý, thơm ngọt mùi Còn bộ móng giả thì hơi to k vừa với móng","Xịt siêu ưng_ý , thơm ngọt mùi Còn bộ móng giả thì hơi to k vừa với móng","Xịt siêu ưng_ý , thơm ngọt mùi Còn bộ móng giả thì hơi to k móng"
313890985,10/10/2020 19:26,5,Mùi thơm mà hơi nồng tí nói chung là cx oke,Mùi thơm mà hơi nồng tí nói_chung là cx oke,Mùi thơm hơi nồng tí nói_chung cx oke
171527168,09/08/2020 13:15,4,"Giao hàng siêu nhanh, vừa đặt hôm qua mà hôm nay đã có hàng r. Bodymist thơm nhưng giữ mùi kh dc lâu lắm","Giao hàng siêu nhanh , vừa đặt hôm_qua mà hôm_nay đã có hàng r . Bodymist thơm nhưng giữ mùi kh dc lâu lắm","Giao hàng siêu nhanh , đặt hôm_qua hôm_nay hàng r . Bodymist thơm giữ mùi kh dc lâu lắm"
37636680,22/09/2020 19:12,5,Mùi gửi ban đầu hơi hắc nhưng để một lúc sau thì ra đúng mùi đào lun,Mùi gửi ban_đầu hơi hắc nhưng để một lúc sau thì ra đúng mùi đào lun,Mùi gửi ban_đầu hơi hắc để sau thì ra đúng mùi đào lun
284045533,30/09/2020 10:46,3,Huhu s xịt body mùi đào ghê quá ạ ngửi hơi chóng mặt và nc hoa lăn cũng ok nhưng cũng hơi hắc nhé m.n nên cân nhắc,Huhu s xịt body mùi đào ghê quá ạ ngửi hơi chóng_mặt và nc hoa lăn cũng ok nhưng cũng hơi hắc nhé m . n nên cân_nhắc,Huhu s xịt body mùi đào ghê quá ạ ngửi hơi chóng_mặt nc hoa lăn ok hơi hắc nhé m . n cân_nhắc
112896998,02/09/2020 12:56,5,rất là thích sản phẩm. tuy chỉ mua ở mức giá rẻ nhưng đáng đồng tiền đã bỏ ra. sẽ ủng hộ quài quài luôn ạ hihi,rất là thích sản_phẩm . tuy chỉ mua ở mức giá rẻ nhưng đáng đồng_tiền đã bỏ ra . sẽ ủng_hộ quài quài luôn ạ hihi,rất thích sản_phẩm . tuy chỉ mua ở mức giá rẻ đáng đồng_tiền bỏ ra . ủng_hộ quài quài luôn ạ hihi
172914766,07/10/2020 15:56,4,Chai xịt thơm mà k thơm lắm. Mùi khó chịu,Chai xịt thơm mà k thơm lắm . Mùi khó_chịu,Chai xịt thơm k thơm lắm . Mùi khó_chịu
204298679,13/10/2020 23:47,5,Tuyệt vời ông mặt giời. Nên mua vì rẻ mà ko,Tuyệt_vời ông mặt giời . Nên mua vì rẻ mà ko,Tuyệt_vời ông mặt giời . Nên mua rẻ ko
119949828,10/10/2020 20:15,5,Xinh xinh mà mình lười chụp,Xinh_xinh mà mình lười chụp,Xinh_xinh lười chụp
62480570,01/10/2020 13:03,5,"Nhãn rất xinh, mùi cũng rất thơm, dễ ngửi, rất thích chai này, lần sau sẽ thử chai khác","Nhãn rất xinh , mùi cũng rất thơm , dễ ngửi , rất thích chai này , lần sau sẽ thử chai khác","Nhãn rất xinh , mùi rất thơm , dễ ngửi , rất thích chai , lần sau thử chai khác"
18639376,07/10/2020 08:11,5,"Mau bay mùi quá, bay nhanh hơn kiến thức mình học trên trường nữa","Mau bay mùi quá , bay nhanh hơn kiến_thức mình học trên trường nữa","Mau bay mùi quá , bay nhanh hơn kiến_thức học trên trường nữa"
151398519,01/10/2020 12:43,5,Tuyệtt,Tuyệtt,Tuyệtt
118523854,10/08/2020 16:16,5,"Mùi đào siêu thơm, không hắc lắm, ship nhanhh đặt hôm trước hôm sau hàng đã về. Có dịp sẽ ủng hộ shop tiếp","Mùi đào siêu thơm , không hắc lắm , ship nhanhh đặt hôm trước hôm sau hàng đã về . Có dịp sẽ ủng_hộ shop tiếp","Mùi đào siêu thơm , hắc lắm , ship nhanhh đặt hôm trước hôm sau hàng về . Có dịp ủng_hộ shop tiếp"
41910412,19/09/2020 20:45,5,"Mùi thơm hương đào đúng y luôn, hơi nặng tí nhưng mình rất thích nha like like hh dự đoán là nhận đc hàng mà đã nhận đc rồi","Mùi thơm hương đào đúng y luôn , hơi nặng tí nhưng mình rất thích nha like like hh dự_đoán là nhận đc hàng mà đã nhận đc rồi","Mùi thơm hương đào đúng y luôn , hơi nặng tí rất thích nha like like hh dự_đoán nhận đc hàng nhận đc rồi"
212634072,22/10/2020 11:43,5,Hàng tốt hương thơm,Hàng tốt hương thơm,Hàng tốt hương thơm
62925434,09/08/2020 17:07,5,"cute cute lắm, chưa xịt thử nên chưa biết nhưng cho sao nèee","cute cute lắm , chưa xịt thử nên chưa biết nhưng cho sao nèee","cute cute lắm , xịt thử biết cho sao nèee"
289687228,02/10/2020 18:51,4,"Mùi thơm, không quá nồng,lưu hương khá okk, đóng gói cần cẩn thận hơn vì nắp chai trong lúc vận chuyển bị hở mất đi một ít nước thơm","Mùi thơm , không quá nồng , lưu hương khá okk , đóng_gói cần cẩn_thận hơn vì nắp chai trong lúc vận_chuyển bị hở mất đi một_ít nước thơm","Mùi thơm , quá nồng , lưu hương khá okk , đóng_gói cần cẩn_thận hơn nắp chai vận_chuyển bị hở mất đi một_ít nước thơm"
175318429,28/09/2020 15:37,5,Shop giao hàng nhanh đóng gói cẩn thận đáng tiền,Shop giao hàng nhanh đóng_gói cẩn_thận đáng tiền,Shop giao hàng nhanh đóng_gói cẩn_thận đáng tiền
230401871,04/10/2020 14:03,5,Hàng rất đẹp ạ em sẽ tiếp tục ủng hộ shop,Hàng rất đẹp ạ em sẽ tiếp_tục ủng_hộ shop,Hàng rất đẹp ạ em tiếp_tục ủng_hộ shop
170877672,14/10/2020 23:30,5,Đặt đào lại giao hoa hồng shop kì ghê nhưng cũng ok mùi hơi lồng,Đặt đào lại giao hoa_hồng shop kì ghê nhưng cũng ok mùi hơi lồng,Đặt đào lại giao hoa_hồng shop kì ghê ok mùi hơi lồng
28455983,08/10/2020 17:50,4,Mùi đào rất thơm.,Mùi đào rất thơm .,Mùi đào rất thơm .
268114109,04/10/2020 01:56,5,"Mùi cũng đc, hơi nồng xíu so vs mình, hàng y hình chai cx to nữa","Mùi cũng đc , hơi nồng xíu so vs mình , hàng y hình chai cx to nữa","Mùi đc , hơi nồng xíu so vs , hàng y hình chai cx to nữa"
163949692,07/09/2020 15:41,5,Mùi thơm nhưng mau bay mùi,Mùi thơm nhưng mau bay mùi,Mùi thơm mau bay mùi
117660434,23/07/2020 22:33,5,Hàng bao xinh nha lúc nào mua cũng xịn xò,Hàng bao xinh nha lúc_nào mua cũng xịn xò,Hàng bao xinh nha lúc_nào mua xịn xò
125254501,11/10/2020 23:42,5,Mùi đào rất ngọt và dễ dùng.,Mùi đào rất ngọt và dễ dùng .,Mùi đào rất ngọt dễ dùng .
186276368,05/10/2020 16:07,5,Mùi cực thơm nhé,Mùi cực thơm nhé,Mùi cực thơm nhé
122816897,26/09/2020 19:46,5,mùi lúc đầu thì hơi nồng nhưng giữ đc mùi khá lâu tiếng đó,mùi lúc đầu thì hơi nồng nhưng giữ đc mùi khá lâu tiếng đó,mùi đầu thì hơi nồng giữ đc mùi khá lâu tiếng đó
40291287,28/10/2020 13:58,5,Mùi nồng quá,Mùi nồng quá,Mùi nồng quá
171677634,06/10/2020 21:16,5,"Bay mùi nhanh lắmm. Mùi thơm, ngọt","Bay mùi nhanh lắmm . Mùi thơm , ngọt","Bay mùi nhanh lắmm . Mùi thơm , ngọt"
291151629,22/09/2020 18:54,5,Mùi hoa hồng bình thường ah,Mùi hoa_hồng bình_thường ah,Mùi hoa_hồng bình_thường ah
216716705,07/08/2020 20:53,5,"Hàng ok, xịt thơm rất thơm nha ạ, dầu gội đầu khô cũng rất ok nhưng xịt thơm miệng thì k thấy gì hết","Hàng ok , xịt thơm rất thơm nha ạ , dầu_gội đầu khô cũng rất ok nhưng xịt thơm miệng thì k thấy gì hết","Hàng ok , xịt thơm rất thơm nha ạ , dầu_gội đầu khô rất ok xịt thơm miệng thì k thấy gì hết"
259434854,12/10/2020 12:03,5,kgxkỹgkxgdmvxgxx,kgxkỹgkxgdmvxgxx,kgxkỹgkxgdmvxgxx
291110498,16/09/2020 13:42,5,"Mùi đào thơm nhẹ nhưng bay mùi nhanh, khá ok","Mùi đào thơm nhẹ nhưng bay mùi nhanh , khá ok","Mùi đào thơm nhẹ bay mùi nhanh , khá ok"
197450444,20/10/2020 14:22,5,"Giao hàng nhanh, sp tuyệt vời","Giao hàng nhanh , sp tuyệt_vời","Giao hàng nhanh , sp tuyệt_vời"
206355343,22/09/2020 12:18,5,"Hương dễ chịu, lúc đầu xịt hơi nồng, về sau dịu lại.","Hương dễ_chịu , lúc đầu xịt hơi nồng , về sau dịu lại .","Hương dễ_chịu , đầu xịt hơi nồng , về sau dịu lại ."
77409972,27/10/2020 21:56,5,Thề siêu ưng,Thề siêu ưng,Thề siêu ưng
265838516,07/10/2020 21:03,5,sản phẩm rất thơm có mùi trà đào nên mua,sản_phẩm rất thơm có mùi trà đào nên mua,sản_phẩm rất thơm mùi trà đào mua
225851578,21/10/2020 21:01,5,"shop đóng gói hàng chắc chắn, sản phẩm rất chất lượng","shop đóng_gói hàng chắc_chắn , sản_phẩm rất chất_lượng","shop đóng_gói hàng chắc_chắn , sản_phẩm rất chất_lượng"
323057860,27/10/2020 14:55,5,Hàng rất tốt ship nhanh,Hàng rất tốt ship nhanh,Hàng rất tốt ship nhanh
131155879,21/09/2020 16:11,5,Mùi nồng ngửi bị đau đầu,Mùi nồng ngửi bị đau_đầu,Mùi nồng ngửi bị đau_đầu
270540346,11/08/2020 16:47,5,"Lúc đầu mùi đào,sau đó là mùi nước hoa thơm cực. Hương thơm lưu ko lâu lắm nhưng tóm lại là thơm","Lúc đầu mùi đào , sau đó là mùi nước_hoa thơm cực . Hương thơm lưu ko lâu lắm nhưng tóm lại là thơm","Lúc đầu mùi đào , sau đó mùi nước_hoa thơm cực . Hương thơm lưu ko lâu lắm tóm lại thơm"
218819499,31/08/2020 17:11,5,Gói hàng kỹ lưỡng. Mùi thơm nhưng hơi hắc.,Gói hàng kỹ_lưỡng . Mùi thơm nhưng hơi hắc .,Gói hàng kỹ_lưỡng . Mùi thơm hơi hắc .
26684554,09/10/2020 15:47,3,Mùi cồn hơi nhiềuu,Mùi cồn hơi nhiềuu,Mùi cồn hơi nhiềuu
4579750,17/10/2020 13:19,4,Sp đẹp. Còn về mùi thì k ưng,Sp đẹp . Còn về mùi thì k ưng,Sp đẹp . Còn về mùi thì k ưng
293021707,23/10/2020 05:00,5,Rất đẹp,Rất đẹp,Rất đẹp
130078449,08/10/2020 13:11,5,Cũng oke lắm. Sẽ ủng hộ shop.,Cũng oke lắm . Sẽ ủng_hộ shop .,Cũng oke lắm . Sẽ ủng_hộ shop .
243678214,23/09/2020 17:16,5,Ncl rất rất đáng tiền mn ai cũng nên dùng.,Ncl rất rất đáng tiền mn ai cũng nên dùng .,Ncl rất rất đáng tiền mn ai dùng .
122660134,20/07/2020 19:41,5,Mùi thơm dễ chịu khg nồng như những nước hoa khác mình thích lavender có mùi thơm thoang thoảng,Mùi thơm dễ_chịu khg nồng như những nước_hoa khác mình thích lavender có mùi thơm thoang_thoảng,Mùi thơm dễ_chịu khg nồng như những nước_hoa khác thích lavender mùi thơm thoang_thoảng
318261559,10/10/2020 10:47,3,mùi khá hắc mk không thích lắm nhưng mà giao hàng đóng gói thì ổn nên cho sao,mùi khá hắc mk không thích lắm nhưng mà giao hàng đóng_gói thì ổn nên cho sao,mùi khá hắc mk thích lắm giao hàng đóng_gói thì ổn cho sao
178401098,24/09/2020 09:12,5,Hương đào rất ngọt ngào. A shipper đáng iu,Hương đào rất ngọt_ngào . A shipper đáng iu,Hương đào rất ngọt_ngào . A shipper đáng iu
286588688,23/10/2020 22:06,5,Tốt. Chấm hết,Tốt . Chấm_hết,Tốt . Chấm_hết
152215752,18/07/2020 20:02,5,Thơm lắm nha lưu hương lâu nữa,Thơm lắm nha lưu hương lâu nữa,Thơm lắm nha lưu hương lâu nữa
215615255,03/09/2020 21:29,5,hương bưởi nhưng lại nghe mùi cam nhưng đúng mình thích,hương bưởi nhưng lại nghe mùi cam nhưng đúng mình thích,hương bưởi lại nghe mùi cam đúng thích
172118781,24/09/2020 18:23,5,Giao hàng nhanh cực luôn á mn.,Giao hàng nhanh cực luôn á mn .,Giao hàng nhanh cực luôn á mn .
172207724,22/09/2020 14:07,5,Siêu thơm lun,Siêu thơm lun,Siêu thơm lun
57021885,12/08/2020 01:59,5,"Rất là thơmm luôn, mà rẻ nữa, lưu hương rất lâu","Rất là thơmm luôn , mà rẻ nữa , lưu hương rất lâu","Rất thơmm luôn , rẻ nữa , lưu hương rất lâu"
309595576,20/09/2020 18:11,5,Giao nhanh. Mùi thơm đúng tiền,Giao nhanh . Mùi thơm đúng tiền,Giao nhanh . Mùi thơm đúng tiền
218690558,01/10/2020 18:06,5,Hơi hắc,Hơi hắc,Hơi hắc
276350381,13/07/2020 20:08,5,Thơm vcll,Thơm_vcll,Thơm_vcll
